{"cameraMode":{"drawMode":0,"name":"Shaded","section":"Shading Mode"},"sceneLighting":false,"audioPlay":false,"sceneViewState":{"showFog":true,"showMaterialUpdate":false,"showSkybox":true,"showFlares":true,"showImageEffects":true,"showParticleSystems":true},"in2DMode":false,"pivot":{"x":0.0417027473449707,"y":2.6472833156585695,"z":0.0960550308227539},"rotation":{"x":-0.08511827886104584,"y":0.9018866419792175,"z":-0.20813795924186707,"w":-0.3688277304172516},"size":19.82938575744629,"orthographic":false}